Author,No. Papers,Notes,OA_Profile,OA_ID
Wenfeng Liang,5,,https://openalex.org/A5009435651,A5009435651
Chong Ruan,5,,https://openalex.org/A5019374810,A5019374810
Huazuo Gao,5,,https://openalex.org/A5102602497,A5102602497
Zhenda Xie,5,,https://openalex.org/A5007043113,A5007043113
Junxiao Song,5,,https://openalex.org/A5008686458,A5008686458
Jiashi Li,5,,https://openalex.org/A5014851555,A5014851555
Kang Guan,5,,https://openalex.org/A5017301651,A5017301651
Fuli Luo,5,,https://openalex.org/A5019525050,A5019525050
Damai Dai,5,,https://openalex.org/A5020456783,A5020456783
Deli Chen,5,,https://openalex.org/A5028794611,A5028794611
Zhewen Hao,5,,https://openalex.org/A5039093405,A5039093405
Qihao Zhu,5,,https://openalex.org/A5047271595,A5047271595
Shirong Ma,5,,https://openalex.org/A5057030499,A5057030499
Peiyi Wang,5,,https://openalex.org/A5058808692,A5058808692
Daya Guo,5,,https://openalex.org/A5060364305,A5060364305
Wenjun Gao,5,,https://openalex.org/A5076999126,A5076999126
Chenggang Zhao,5,,https://openalex.org/A5079470006,A5079470006
Chengqi Deng,5,,https://openalex.org/A5084839131,A5084839131
Xiao Bi,5,,https://openalex.org/A5091346174,A5091346174
Yanhong Xu,5,,https://openalex.org/A5100612566,A5100612566
Yaohui Wang,5,,https://openalex.org/A5100672230,A5100672230
Qiushi Du,5,,https://openalex.org/A5100915390,A5100915390
Hanwei Xu,5,,https://openalex.org/A5100966558,A5100966558
Dejian Yang,5,,https://openalex.org/A5101194950,A5101194950
Yishi Piao,5,,https://openalex.org/A5101289777,A5101289777
Yuxiang You,5,,https://openalex.org/A5101289778,A5101289778
Xin Xie,5,,https://openalex.org/A5101584148,A5101584148
Liyue Zhang,5,,https://openalex.org/A5101859634,A5101859634
Kai Dong,5,,https://openalex.org/A5102020713,A5102020713
Zhihong Shao,5,,https://openalex.org/A5103100933,A5103100933
Bingxuan Wang,5,,https://openalex.org/A5114179761,A5114179761
Shengfeng Ye,4,,https://openalex.org/A5030693568,A5030693568
Junjie Qiu,4,,https://openalex.org/A5052869661,A5052869661
Haowei Zhang,4,,https://openalex.org/A5080515807,A5080515807
Shuiping Yu,4,,https://openalex.org/A5000029432,A5000029432
Guowei Li,4,,https://openalex.org/A5001383067,A5001383067
Yuheng Zou,4,,https://openalex.org/A5002204845,A5002204845
Kaige Gao,4,,https://openalex.org/A5002755981,A5002755981
Wentao Zhang,4,,https://openalex.org/A5008772211,A5008772211
Yao Zhao,4,,https://openalex.org/A5009318707,A5009318707
Aixin Liu,4,,https://openalex.org/A5015078816,A5015078816
Zhangli Sha,4,,https://openalex.org/A5020140830,A5020140830
Runxin Xu,4,,https://openalex.org/A5023594937,A5023594937
Yiliang Xiong,4,,https://openalex.org/A5028899653,A5028899653
Ruiqi Ge,4,,https://openalex.org/A5029083198,A5029083198
Shangyan Zhou,4,,https://openalex.org/A5035849215,A5035849215
Shunfeng Zhou,4,,https://openalex.org/A5045996355,A5045996355
Shanhuang Chen,4,,https://openalex.org/A5046105992,A5046105992
Wangding Zeng,4,,https://openalex.org/A5049532529,A5049532529
Panpan Huang,4,,https://openalex.org/A5053679681,A5053679681
Guangbo Hao,4,,https://openalex.org/A5064813063,A5064813063
Hui Qu,4,,https://openalex.org/A5067552573,A5067552573
Lecong Zhang,4,,https://openalex.org/A5068839714,A5068839714
Y. K. Li,4,,https://openalex.org/A5079729956,A5079729956
Mingchuan Zhang,4,,https://openalex.org/A5087014857,A5087014857
Wen Liu,4,,https://openalex.org/A5100320278,A5100320278
Xiaodong Liu,4,,https://openalex.org/A5100374771,A5100374771
Ying He,4,,https://openalex.org/A5100389169,A5100389169
Shiyu Wang,4,,https://openalex.org/A5100437635,A5100437635
Xingkai Yu,4,,https://openalex.org/A5100608388,A5100608388
Yichao Zhang,4,,https://openalex.org/A5100625408,A5100625408
Minghua Zhang,4,,https://openalex.org/A5100737340,A5100737340
Shanghao Lu,4,,https://openalex.org/A5101289776,A5101289776
Ziwei Xie,4,,https://openalex.org/A5101644040,A5101644040
Qinyu Chen,4,,https://openalex.org/A5101682928,A5101682928
Yiyuan Liu,4,,https://openalex.org/A5101704539,A5101704539
Minghui Tang,4,,https://openalex.org/A5101876129,A5101876129
Guanting Chen,4,,https://openalex.org/A5101983121,A5101983121
Yaofeng Sun,4,,https://openalex.org/A5102212666,A5102212666
Zihui Gu,4,,https://openalex.org/A5102691681,A5102691681
Zhe Fu,4,,https://openalex.org/A5103128811,A5103128811
Fangyun Lin,4,,https://openalex.org/A5109672590,A5109672590
Yao Li,4,,https://openalex.org/A5110237033,A5110237033
Tian Pei,4,,https://openalex.org/A5110880895,A5110880895
Jianzhong Guo,4,,https://openalex.org/A5111161539,A5111161539
Zehui Ren,4,,https://openalex.org/A5112250476,A5112250476
Xiaotao Nie,4,,https://openalex.org/A5113091615,A5113091615
Honghui Ding,4,,https://openalex.org/A5113640093,A5113640093
Xin Liu,4,,https://openalex.org/A5115601909,A5115601909
Erhang Li,4,,https://openalex.org/A5113091614,A5113091614
Xuecheng Su,4,,https://openalex.org/A5111734260,A5111734260
J. L. Cai,3,,https://openalex.org/A5075973287,A5075973287
Yukun Zha,3,,https://openalex.org/A5006037200,A5006037200
X. Q. Li,3,,https://openalex.org/A5006875159,A5006875159
Tianyu Sun,3,,https://openalex.org/A5015475948,A5015475948
Bei Feng,3,,https://openalex.org/A5016665033,A5016665033
Yuting Yan,3,,https://openalex.org/A5019540330,A5019540330
Jiaqi Ni,3,,https://openalex.org/A5019579257,A5019579257
Lei Xu,3,,https://openalex.org/A5020790434,A5020790434
Wei An,3,,https://openalex.org/A5021639941,A5021639941
Zhipeng Xu,3,,https://openalex.org/A5024958662,A5024958662
Miaojun Wang,3,,https://openalex.org/A5026325208,A5026325208
Yuchen Zhu,3,,https://openalex.org/A5033494277,A5033494277
Lean Wang,3,,https://openalex.org/A5034611488,A5034611488
Zhibin Gou,3,,https://openalex.org/A5034928588,A5034928588
Xiaosha Chen,3,,https://openalex.org/A5036491343,A5036491343
Ruyi Chen,3,,https://openalex.org/A5036645286,A5036645286
Zilin Li,3,,https://openalex.org/A5042358680,A5042358680
Dongjie Ji,3,,https://openalex.org/A5043755032,A5043755032
Yuduan Wang,3,,https://openalex.org/A5047265939,A5047265939
Ning Tian,3,,https://openalex.org/A5053537379,A5053537379
Xinyu Yang,3,,https://openalex.org/A5055963260,A5055963260
Xiaohan Wang,3,,https://openalex.org/A5056359676,A5056359676
Yixuan Tan,3,,https://openalex.org/A5063984048,A5063984048
Ying Tang,3,,https://openalex.org/A5068378063,A5068378063
Y. X. Zhu,3,,https://openalex.org/A5068383472,A5068383472
Yaohui Li,3,,https://openalex.org/A5082760644,A5082760644
Zhuoshu Li,3,,https://openalex.org/A5086080455,A5086080455
Xinnan Song,3,,https://openalex.org/A5090535931,A5090535931
Yongqiang Guo,3,,https://openalex.org/A5100298247,A5100298247
Mingming Li,3,,https://openalex.org/A5100338776,A5100338776
Yi Zheng,3,,https://openalex.org/A5100342733,A5100342733
Peng Zhang,3,,https://openalex.org/A5100364050,A5100364050
Zhen Zhang,3,,https://openalex.org/A5100390145,A5100390145
Hui Li,3,,https://openalex.org/A5100637295,A5100637295
Xiaoxiang Wang,3,,https://openalex.org/A5100679200,A5100679200
Xiaokang Chen,3,,https://openalex.org/A5101412831,A5101412831
Shuang Zhou,3,,https://openalex.org/A5101508494,A5101508494
Shaoqing Wu,3,,https://openalex.org/A5101533376,A5101533376
Zhen Huang,3,,https://openalex.org/A5101653729,A5101653729
Yanping Huang,3,,https://openalex.org/A5101749154,A5101749154
Liang Zhao,3,,https://openalex.org/A5101780128,A5101780128
Meng Li,3,,https://openalex.org/A5101815738,A5101815738
Yuxuan Liu,3,,https://openalex.org/A5102651090,A5102651090
Xiaowen Sun,3,,https://openalex.org/A5104180229,A5104180229
H. Zhang,3,,https://openalex.org/A5108346243,A5108346243
Xinyi Zhou,3,,https://openalex.org/A5111292232,A5111292232
Xiaojin Shen,3,,https://openalex.org/A5111323358,A5111323358
Jian Liang,3,,https://openalex.org/A5112183358,A5112183358
R. J. Chen,3,,https://openalex.org/A5112374713,A5112374713
Z. Z. Ren,3,,https://openalex.org/A5113209526,A5113209526
Jingyang Yuan,3,,https://openalex.org/A5113747152,A5113747152
Zhongyu Zhang,3,,https://openalex.org/A5115604997,A5115604997
Jin Chen,3,,https://openalex.org/A5100394926,A5100394926
Leyi Xia,3,,https://openalex.org/A5107939686,A5107939686
R. L. Jin,3,,https://openalex.org/A5109083484,A5109083484
Ruizhe Pan,3,,https://openalex.org/A5008212048,A5008212048
S. S. Li,3,,https://openalex.org/A5002461029,A5002461029
T. Wang,3,,https://openalex.org/A5100451016,A5100451016
W. L. Xiao,3,,https://openalex.org/A5001162491,A5001162491
Xiangyue Jin,3,,https://openalex.org/A5070066511,A5070066511
Xianzu Wang,3,,https://openalex.org/A5002303194,A5002303194
Y. X. Wei,3,,https://openalex.org/A5068079517,A5068079517
Yunxian Ma,3,,https://openalex.org/A5107930819,A5107930819
Huajian Xin,3,,https://openalex.org/A5111038333,A5111038333
Zhigang Yan,2,,https://openalex.org/A5001698196,A5001698196
Jingchang Chen,2,,https://openalex.org/A5003566311,A5003566311
Qiancheng Wang,2,,https://openalex.org/A5009091910,A5009091910
Yuyang Zhou,2,,https://openalex.org/A5011549126,A5011549126
Yifan Shi,2,,https://openalex.org/A5018598375,A5018598375
Kuai Yu,2,,https://openalex.org/A5022036537,A5022036537
Y. Q. Wang,2,,https://openalex.org/A5022368707,A5022368707
Runji Wang,2,,https://openalex.org/A5024300524,A5024300524
Xingchao Liu,2,,https://openalex.org/A5024864770,A5024864770
Ruoyu Zhang,2,,https://openalex.org/A5034697076,A5034697076
Ziyang Song,2,,https://openalex.org/A5043597604,A5043597604
Zhicheng Ma,2,,https://openalex.org/A5045715549,A5045715549
Xiaokang Zhang,2,,https://openalex.org/A5048566877,A5048566877
Ruisong Zhang,2,,https://openalex.org/A5048832336,A5048832336
Yi Yu,2,,https://openalex.org/A5060198927,A5060198927
Yujia He,2,,https://openalex.org/A5060991733,A5060991733
Yue Gong,2,,https://openalex.org/A5065675807,A5065675807
Zhiyu Wu,2,,https://openalex.org/A5071782544,A5071782544
Ziyi Gao,2,,https://openalex.org/A5075527381,A5075527381
Wenqin Yu,2,,https://openalex.org/A5082678890,A5082678890
Chengda Lu,2,,https://openalex.org/A5090328003,A5090328003
Yuxiang Luo,2,,https://openalex.org/A5100569167,A5100569167
Xinyuan Li,2,,https://openalex.org/A5100663165,A5100663165
Xin Cheng,2,,https://openalex.org/A5100692497,A5100692497
Zijun Liu,2,,https://openalex.org/A5100725216,A5100725216
Bo Liu,2,,https://openalex.org/A5100727812,A5100727812
Junlong Li,2,,https://openalex.org/A5100757072,A5100757072
Yu Wu,2,,https://openalex.org/A5100861568,A5100861568
Yiyang Ma,2,,https://openalex.org/A5101360646,A5101360646
Yang Zhang,2,,https://openalex.org/A5101456454,A5101456454
Bing Xue,2,,https://openalex.org/A5101472713,A5101472713
Kai Hu,2,,https://openalex.org/A5101710153,A5101710153
Tao Yun,2,,https://openalex.org/A5102213433,A5102213433
Xuheng Lin,2,,https://openalex.org/A5102457348,A5102457348
Zijia Zhu,2,,https://openalex.org/A5102510461,A5102510461
Kexin Huang,2,,https://openalex.org/A5102892551,A5102892551
Litong Wang,2,,https://openalex.org/A5103211182,A5103211182
Zizheng Pan,2,,https://openalex.org/A5104206167,A5104206167
Yisong Wang,2,,https://openalex.org/A5104684132,A5104684132
Yongji Wang,2,,https://openalex.org/A5110372162,A5110372162
Zhengyan Zhang,2,,https://openalex.org/A5111176285,A5111176285
Shuting Pan,2,,https://openalex.org/A5113628365,A5113628365
Bochao Wu,2,,https://openalex.org/A5103178710,A5103178710
Fucong Dai,2,,https://openalex.org/A5029983760,A5029983760
Xinxia Shan,2,,https://openalex.org/A5059343948,A5059343948
Xuan Lu,2,,https://openalex.org/A5052404451,A5052404451
Yuan Ou,2,,https://openalex.org/A5028036445,A5028036445
Yunfan Xiong,2,,https://openalex.org/A5055302542,A5055302542
Z. F. Wu,2,,https://openalex.org/A5102019727,A5102019727
Zhean Xu,2,,https://openalex.org/A5104332671,A5104332671
Han Bao,2,,https://openalex.org/A5021682810,A5021682810
Haocheng Wang,2,,https://openalex.org/A5034335736,A5034335736
Chenyu Zhang,2,,https://openalex.org/A5100377485,A5100377485
Jiawei Wang,2,,https://openalex.org/A5103002075,A5103002075
Wanjia Zhao,2,,https://openalex.org/A5112946948,A5112946948
Yuhan Wu,1,,https://openalex.org/A5075693457,A5075693457
Yukun Li,1,,https://openalex.org/A5018379530,A5018379530
Jingxiang Sun,1,,https://openalex.org/A5040066835,A5040066835
Tongzheng Ren,1,,https://openalex.org/A5055015446,A5055015446
A. X. Liu,1,,https://openalex.org/A5062061862,A5062061862
Wenjie Hu,1,,https://openalex.org/A5101521918,A5101521918
Tong Wu,1,,https://openalex.org/A5101994749,A5101994749
Haoyu Lu,1,,https://openalex.org/A5110986785,A5110986785
B. Zhang,1,,https://openalex.org/A5100335386,A5100335386
Bin Wang,1,PAPER 3,,
Hao Yang,1,PAPER 3,,
Jinhao Tu,1,Not on Arxiv,,
Kaichao You,1,Not on Arxiv,,
Mingxu Zhou,1,Not on Arxiv,,
R. X. Xu,1,,https://openalex.org/A5068576165,A5068576165
Size Zheng,1,PAPER 3,,
Tian Yuan,1,PAPER 3,,
Yilong Zhao,1,PAPER 3,,
Yixin Dong,1,PAPER 3,,
Zhiniu Wen,1,PAPER 3,,
Zihan Wang,1,PAPER 3,,
Yicheng Wu,1,,https://openalex.org/A5030863998,A5030863998